col,pearson_r
xgb,0.874433
lgbm,0.884279
cat,0.877569
mlp,0.828085
rf,0.845209
tabpfn,0.900695