col,pearson_r
xgb,0.907352
lgbm,0.911756
cat,0.930594
mlp,0.854267
rf,0.862216
tabpfn,0.923108