col,pearson_r
xgb,0.894024
lgbm,0.901385
cat,0.892559
mlp,0.822806
rf,0.816233
tabpfn,0.887420