col,pearson_r
xgb,0.821613
lgbm,0.826882
cat,0.869628
mlp,0.827730
rf,0.947293
tabpfn,0.876694