col,pearson_r
xgb,0.902427
lgbm,0.907750
cat,0.906025
mlp,0.837230
rf,0.830913
tabpfn,0.903768