col,pearson_r
xgb,0.888882
lgbm,0.884187
cat,0.886032
mlp,0.824158
rf,0.813587
tabpfn,0.892375