col,pearson_r
xgb,0.880573
lgbm,0.881821
cat,0.927525
mlp,0.847989
rf,0.870128
tabpfn,0.918020