{
  "phase": "confirmatory",
  "n_folds": 50,
  "baseline_mean": 0.6922284679247742,
  "baseline_std": 0.026241942283097286,
  "candidate_mean": 0.6979121821140951,
  "candidate_std": 0.025596766012598006,
  "delta_mean": 0.005683714189320943,
  "delta_se": 0.0008368637781964137,
  "fold_collapse_count": 0,
  "accepted": true,
  "fold_deltas": [
    0.0058651026392961825,
    0.019501943889881357,
    0.0019955483920485184,
    0.014356250777975976,
    0.0037984279615369543,
    0.0,
    0.007288412910902875,
    0.011354146306792878,
    0.013044491031912409,
    0.00402765896777868,
    0.011269375785504798,
    0.0042385878809849675,
    0.003992015968063867,
    -0.0041808760352539664,
    0.014861995753715496,
    0.006489268465511788,
    0.006349838088174131,
    -0.0006116207951071262,
    0.014861995753715496,
    0.006133296987869685,
    0.0,
    0.01595472800292075,
    0.0,
    -0.0021763193936323866,
    0.01474719813377956,
    0.0,
    0.0021977601956961745,
    0.008128211026761756,
    0.012084592145015116,
    0.004256547146670453,
    0.0017956007780935979,
    0.008332377785422174,
    0.0017420283268954062,
    -0.007988656108326109,
    -0.0041152655394141036,
    0.0037605658099016948,
    0.009941204874030718,
    0.002235421856038866,
    -0.0002267339997938933,
    0.0060743585267935,
    0.01433939115098537,
    0.004296916962079789,
    0.00766703176341732,
    0.004338826526550488,
    -0.0020942990584920107,
    0.008668821627975332,
    0.003966978576479097,
    0.00633861551292747,
    0.009334537789822295,
    0.005949408316143767
  ]
}